equation,x,result
x^2+2*x+1,5,36.0
-sin(x)-cos(x)+sin(3*x),10,0.3950610158729603
2*x^3+5*x^2-3*x+10,12,4150.0
2*x^3+5*x^2-3*x+10,15,7840.0
2*x^3+5*x^2-3*x+10,20.5,19280.0
sin(x^2)+sin(x)-cos(x),7,-1.0506683083839874
